序号,省份,高校名称,城市,院校档次,办学性质,软科排名,就业中心-官网,就业中心-公众号,就业中心-邮箱,就业中心-电话,研究生院-官网,研究生院-公众号,研究生院-邮箱,研究生院-电话,国际处-官网,国际处-公众号,国际处-邮箱,国际处-电话,备注
1,广东省,中山大学,广州市,985,公办,11,http://career.sysu.edu.cn/,中山大学就业（sysucareer）,,,https://graduate.sysu.edu.cn/,公众号二维码: qrcodes\中山大学_grad.jpg,yyzhc@mail.sysu.edu.cn,020-84111685; 020-84111686; 020-84113696,,,,,
2,广东省,华南理工大学,广州市,985,公办,30,,,,,http://www.scut.edu.cn/graduate/,,,,,,,,
3,广东省,中山大学深圳校区,深圳市,985,公办,,http://career.sysu.edu.cn/,中山大学就业（sysucareer）,,,https://graduate.sysu.edu.cn/,公众号二维码: qrcodes\中山大学深圳校区_grad.jpg,,,,,,,
4,广东省,北京大学深圳研究生院,深圳市,985,公办,,,,,,https://admission.pkusz.edu.cn/index.html,,,,https://www.pkusz.edu.cn/zspy/gjjl.htm,,,,
5,广东省,哈尔滨工业大学（深圳）,深圳市,985,公办,,https://job.hitsz.edu.cn/zhxy-szxszyfzpt/,,,,https://yzb.hitsz.edu.cn/zs,,,,https://www.hitsz.edu.cn/25/list.htm,,,,
6,广东省,清华大学深圳国际研究生院,深圳市,985,公办,,https://www.sigs.tsinghua.edu.cn/7631/list.htm,,,,https://www.sigs.tsinghua.edu.cn/7646/list.htm,,,,https://www.sigs.tsinghua.edu.cn/7666/list.htm,,,,
7,广东省,北京师范大学珠海校区,珠海市,985,公办,,https://career.bnuzh.edu.cn/,,,,,,,,https://io.bnuzh.edu.cn/index.htm,,,,
8,广东省,华南师范大学,广州市,211,公办,70,https://www.scnu.edu.cn/a/20151026/34.html,,,,http://yz.scnu.edu.cn/,,,020-85213863,https://www.scnu.edu.cn/a/20150907/21.html,,,,
9,广东省,暨南大学,广州市,211,公办,55,https://scdc.jnu.edu.cn/,暨大就业公众号,ojy-jnu@163.com,020-85226956,https://yz.jnu.edu.cn,,oyzb@jnu.edu.cn,,https://wsc.jnu.edu.cn/,,international@jnu.edu.cn,85220457,
10,广东省,华南农业大学,广州市,双一流,公办,94,http://jyzx.scau.edu.cn/,,,,https://yjsy.scau.edu.cn/,,,020-85280065; 020-85280066; 020-85280067,http://fao.scau.edu.cn/,,,18061503163,
11,广东省,广州中医药大学,广州市,双一流,公办,242,https://www.gzucm.edu.cn/zsjy/zs.htm,,,,https://www.gzucm.edu.cn/jyjx/yjsjy.htm,,,,https://www.gzucm.edu.cn/jyjx/gjjyjgatqxspy.htm,,,,
12,广东省,广州医科大学,广州市,双一流,公办,221,https://zs.gzhmu.edu.cn/bkzn/zsdt.htm,广州医科大学本科招生微信公众号,,,https://yjs.gzhmu.edu.cn/,,,,https://fao.gzhmu.edu.cn/,,,,
13,广东省,南方科技大学,深圳市,双一流,公办,32,http://career.sustech.edu.cn/,,jobs@sustech.edu.cn,0755-88010732,https://gs.sustech.edu.cn/#/admission/,,,,https://global.sustech.edu.cn/,南方科技大学国际合作部暨港澳台办公室微信公众号,global@sustech.edu.cn,,
14,广东省,东莞理工学院,东莞市,双非,公办,258,http://job.dgut.edu.cn/,广东大学生就业创业小程序,jiuye@dgut.edu.cn,0769-22861918,https://yjs.dgut.edu.cn/,,,,http://www.dgut.edu.cn/info/1019/94112.htm,,,,
15,广东省,大湾区大学,东莞市,双非,公办,,,,,,https://www.gbu.edu.cn/educational_teaching.html#yjsjy,公众号二维码（未获取图片）,,,,,,,
16,广东省,香港城市大学（东莞）,东莞市,双非,中外合作办学,未上榜/独立榜,,,,,,,,,,,,,
17,广东省,佛山大学,佛山市,双非,公办,271,,,,,https://www.fosu.edu.cn/yanjiusheng/,,fosuyzb@fosu.edu.cn,0757-82771159,,,,,
18,广东省,顺德职业技术大学,佛山市,双非,公办,,https://jy.sdpt.edu.cn/,,,,,,,,https://www.sdpt.edu.cn/jlhz1/gjhz.htm,,,,
19,广东省,仲恺农业工程学院,广州市,双非,公办,265,http://www.zhku.edu.cn/zsjy.htm,,,020-89003030,http://yjs.zhku.edu.cn/,,,020-89002097,http://waishi.zhku.edu.cn/,,international@zhku.edu.cn,020-89003275,
20,广东省,南方医科大学,广州市,双非,公办,,http://fimmu.jobsys.cn/unijob/index.php/web/index/index,,nydjyzdzx@126.com,020-31044165; 020-61648500; 020-61648657,http://yjs.smu.edu.cn,,,,http://portal.smu.edu.cn/wsc/,,403928103@qq.com,61648027,
21,广东省,广东外语外贸大学,广州市,双非,公办,124,https://career.gdufs.edu.cn/,,36207021@163.com; 39328007@163.com,020-36207021; 020-39328007,http://gwyjs.gdufs.edu.cn/,,,,https://internationaloffice.gdufs.edu.cn/,,,,
22,广东省,广东工业大学,广州市,双非,公办,85,https://career.gdut.edu.cn,,gdutjob@126.com; 1184584511@qq.com; 1184545511@qq.com,020-39322210,https://yjs.gdut.edu.cn,,,,https://wsc.gdut.edu.cn/index.htm,,,,
23,广东省,广东技术师范大学,广州市,双非,公办,229,https://www.gpnu.edu.cn/zsjy.htm,,jysf@gpnu.edu.cn,020-38256601; 020-89285371,https://yjsc.gpnu.edu.cn/info/1443/6179.htm,,gsyjsc@gpnu.edu.cn,,http://oice.gpnu.edu.cn/,,,,
24,广东省,广东第二师范学院,广州市,双非,公办,461,,,,,,,,,,,,,官网不可达：全部方式失败
25,广东省,广东药科大学,广州市,双非,公办,317,http://www.gdpu.edu.cn/zsyjy/yjszs.htm,,,39352516,https://yjsxy.gdpu.edu.cn/,公众号二维码: qrcodes\广东药科大学_grad.jpg,yjsc@gdpu.edu.cn,020-39352613,https://gjjlhzc.gdpu.edu.cn/lxgyd/gatzs.htm,,,020-39352082,
26,广东省,广东警官学院,广州市,双非,公办,,,,,,,,,,,,,,官网不可达：全部方式失败
27,广东省,广东财经大学,广州市,双非,公办,188,http://www.gdufe.edu.cn/11032/list.htm,,,,http://yjsc.gdufe.edu.cn,,,84096846,http://fao.gdufe.edu.cn/,,fao3@gdufe.edu.cn,,
28,广东省,广东轻工职业技术大学,广州市,双非,公办,,https://jy.gdipu.edu.cn,,,,,,,,http://www.gdqy.edu.cn/gjjl_gat_.htm,,,020-61230200,
29,广东省,广东金融学院,广州市,双非,公办,,https://jy.gduf.edu.cn/unijob/index.php/web/Index/index,,gdufjy@163.com,020-87053902,https://yjs.gduf.edu.cn/,,,,http://www.gduf.edu.cn/hzjl/gjjl.htm,,,,
30,广东省,广州体育学院,广州市,双非,公办,未上榜/独立榜,http://www.gzsport.edu.cn:80/node/104,,,020-38024301; 020-38025613; 020-38024685,,,,,https://fao.gzsport.edu.cn/,,,,
31,广东省,广州大学,广州市,双非,公办,105,http://www.gzhu.edu.cn/zsjy1.htm,,,,http://yjsy.gzhu.edu.cn/,,yjsy@gzhu.edu.cn,020-39366238; 020-39366199,,,,,
32,广东省,广州美术学院,广州市,双非,公办,未上榜/独立榜,http://www.gzarts.edu.cn/index/zsjy/zsxx.htm,,,,http://yjs.gzarts.edu.cn,,,,http://wsc.gzarts.edu.cn/,,,,
33,广东省,广州职业技术大学,广州市,双非,公办,,http://www.gzpyp.edu.cn/zsjy,,gzpyp@gzpyp.edu.cn,020-84736666; 020-34874086,,,,,,,,,
34,广东省,广州航海学院,广州市,双非,公办,448,http://www.gzmtu.edu.cn/zsjy.htm,,,020-32083010,,,,,https://gjjlxy.gzmtu.edu.cn/gjjl.htm,,gjjlsh@gzmtu.edu.cn,020-82003167,
35,广东省,星海音乐学院,广州市,双非,公办,未上榜/独立榜,https://xsjy.xhcom.edu.cn/,,,,https://zs.xhcom.edu.cn/yjszs.htm,,,020-39363636,http://gjjy.xhcom.edu.cn/,,icxhcm_xf@163.com,020-39315630; 020-39363388; 020-39311495,
36,广东省,香港科技大学（广州）,广州市,双非,中外合作办学,未上榜/独立榜,,,,,https://fytgs.hkust-gz.edu.cn/,,,,https://global.hkust-gz.edu.cn/,,,13800000000,
37,广东省,惠州学院,惠州市,双非,公办,329,http://www.hzu.edu.cn/543/list.htm,,,0752-2527099,http://www.hzu.edu.cn/yjszs/list.htm,,,0752-2529000,https://fao.hzu.edu.cn/gatsw/list.htm,,fao@hzu.edu.cn,0752-2529210,
38,广东省,嘉应学院,梅州市,双非,公办,421,https://jyzx.jyu.edu.cn/,,jygz@jyu.edu.cn,0753-2186665,https://yjs.jyu.edu.cn/,,jyuyjs@jyu.edu.cn,0753-2188296,https://waishi.jyu.edu.cn/,,fao@jyu.edu.cn,0753-2186662; 0753-2363398,
39,广东省,广东以色列理工学院,汕头市,双非,中外合作办学,未上榜/独立榜,,,,,https://sites.gtiit.edu.cn/research/graduate-studies/,,,,https://www.gtiit.edu.cn/student-china.aspx,,,0754-88077088,
40,广东省,汕头大学,汕头市,双非,公办,,https://gdc.stu.edu.cn/,,job@stu.edu.cn,0754-86502252; 0754-82522372,https://www.gs.stu.edu.cn/,,o_yzb@stu.edu.cn; o_pyb@stu.edu.cn; o_yjsgzb@stu.edu.cn,0754-86502424; 0754-86504743; 0754-86504000,https://icd.stu.edu.cn/,,icd@stu.edu.cn,0754-86502316; 0754-86502131,
41,广东省,五邑大学,江门市,双非,公办,236,https://career.wyu.edu.cn,,uff1awyujob@163.com,0750-3296252,http://www.wyu.edu.cn/yjscx,,,,http://www.wyu.edu.cn/wsc/,,wyufao@wyu.edu.cn,0750-3296188,
42,广东省,深圳信息职业技术大学,深圳市,双非,公办,,http://career.sziit.edu.cn/,,it89226367@qq.com,0755-89226738; 0755-89226367,,,,,https://www.suit-sz.edu.cn/hzjl/gjjlyhz.htm,,,0755-89226555,
43,广东省,深圳北理莫斯科大学,深圳市,双非,中外合作办学,未上榜/独立榜,https://admission.smbu.edu.cn/,,admission@smbu.edu.cn,0755-28323360; 0755-28323398,https://gradadmissions.smbu.edu.cn/,,,,http://www.smbu.edu.cn/gjjl/gjjl.htm,,,0755-28323024,
44,广东省,深圳大学,深圳市,双非,公办,68,https://jobszu.jysd.com/,,szjobcenter@163.com,0755-26536106; 0755-26535652; 0755-86931632,http://gra.szu.edu.cn/,,gra@szu.edu.cn,0755-26536177,http://www.szu.edu.cn/hzjl/gjjl.htm,,,0755-26536114,
45,广东省,深圳技术大学,深圳市,双非,公办,未上榜/独立榜,https://www.sztu.edu.cn/zsjy.htm,,,,https://gra.sztu.edu.cn/zsxx/zsz.htm,,,,https://www.sztu.edu.cn/dwjl.htm,,,,
46,广东省,深圳理工大学,深圳市,双非,公办,未上榜/独立榜,https://www.suat-sz.edu.cn/zsjy.htm,,foreign-affairs@siat.ac.cn,,https://www.suat-sz.edu.cn/yjy/ylqxcyjsyjy.htm,,office@suat-sz.edu.cn,,https://www.suat-sz.edu.cn/gjhz.htm,,office@suat-sz.edu.cn,,
47,广东省,深圳职业技术大学,深圳市,双非,公办,,https://www.szpu.edu.cn/zsjy.htm,,,26011000,,,,,https://www.szpu.edu.cn/zsjy/gatzs1.htm,,liyuanyuan@cucas.cn,26011000,
48,广东省,香港中文大学（深圳）,深圳市,双非,中外合作办学,未上榜/独立榜,https://career.cuhk.edu.cn/,,CareerService@cuhk.edu.cn,,https://gs.cuhk.edu.cn/,,,,,,,,
49,广东省,岭南师范学院,湛江市,双非,公办,384,http://www.lingnan.edu.cn/zsjy.htm,,,0759-3183226,https://d.lingnan.edu.cn/yjsc/,,lnsfyz@lingnan.edu.cn,0759-3183072,http://d.lingnan.edu.cn/gjc/,,,,
50,广东省,广东医科大学,湛江市,双非,公办,,https://www.gdmu.edu.cn/zsjy/zsxx1.htm,,,0769-22896175,http://yjsxy.gdmu.edu.cn/,,,,,,,,
51,广东省,广东海洋大学,湛江市,双非,公办,292,https://www.gdou.edu.cn/zjzx/,,,,https://grs.gdou.edu.cn/,,Yjs@gdou.edu.cn,0759-2396185,https://iod.gdou.edu.cn/,,,0759-2396202,
52,广东省,韩山师范学院,潮州市,双非,公办,415,https://jyb.hstc.edu.cn/,,,,,,,,https://wsb.hstc.edu.cn/,,,,
53,广东省,北京师范大学－香港浸会大联合国际学院,珠海市,双非,内地与港澳台合作办学,未上榜/独立榜,https://www.uic.edu.cn/admissions_and_placement.htm,,,0756-3620000,https://www.uic.edu.cn/faculties_and_schools.htm,,,0756-3620000,http://admission.bnbu.edu.cn/gatq/twxcsqz.htm,,admission@bnbu.edu.cn; bnbuhko@hkbu.edu.hk,,
54,广东省,肇庆医学院,肇庆市,双非,公办,,,,,,,,,,,,,,官网不可达：全部方式失败
55,广东省,肇庆学院,肇庆市,双非,公办,346,https://jyzd.zqu.edu.cn,,,,https://yjsc.zqu.edu.cn/,,zquyzb@zqu.edu.cn; yjsy@zqu.edu.cn; 2316815238@qq.com,0758-2716770,https://wsc.zqu.edu.cn/,,global3@zqu.edu.cn,,
56,广东省,广东石油化工学院,茂名市,双非,公办,428,http://xueshengchu.gdupt.edu.cn,,,,http://www.gdupt.edu.cn/jgsz/dzgljg1/fzghb_yjsb_.htm,,,0668-2923508; 0668-2923758,https://site.gdupt.edu.cn/oiec/,,,,
57,广东省,韶关学院,韶关市,双非,公办,405,http://www.sgu.edu.cn/zsxxw,,,0751-8120066,http://www.sgu.edu.cn/yjsb,,,0751-8120049,http://www.sgu.edu.cn/dwjlhzb,,,0751-8121371; 0751-8121661; 0751-8120781,
58,吉林省,吉林大学,长春市,985,公办,26,http://www.jlu.edu.cn/zsjy.htm,,zygl@jlu.edu.cn,17302000045,http://yjsy.jlu.edu.cn/,,yzhc@jlu.edu.cn,0431-85166175,http://www.jlu.edu.cn/dwjl.htm,,zygl@jlu.edu.cn,17302000045,
59,吉林省,延边大学,延边朝鲜族自治州,211,公办,132,http://www.ybu.edu.cn/zsjy_1.htm,,xcb@ybu.edu.cn,,https://grad.ybu.edu.cn/,,,0433-2732079,https://international.ybu.edu.cn/,,,,
60,吉林省,东北师范大学,长春市,211,公办,45,http://www.nenu.edu.cn/zsjy/xsjy.htm,,dsxxw@nenu.edu.cn,,http://www.nenu.edu.cn/jyjx/yjsjy.htm,,dsxxw@nenu.edu.cn,,https://iso.nenu.edu.cn/,,iso@nenu.edu.cn,0431-85099754,
61,吉林省,东北电力大学,吉林市,双非,公办,220,https://zsjyc.neepu.edu.cn/,,,64806348,http://grad.neepu.edu.cn,,,,http://oice.neepu.edu.cn/index.htm,,,,
62,吉林省,北华大学,吉林市,双非,公办,300,,,,,,,,,,,,,官网不可达：全部方式失败
63,吉林省,吉林农业科技学院,吉林市,双非,公办,,https://zs.jlnku.edu.cn/,,550018104476170@163.com; 560055879253@qq.com,0432-63509266; 0432-63509600,,,,,https://foreign.jlnku.edu.cn/,,,0432-63509783,
64,吉林省,吉林化工大学,吉林市,双非,公办,,http://www.jlict.edu.cn/zsjy.htm,,,,http://yjs.jluct.edu.cn/,,,,https://wsc.jluct.edu.cn/,,,,
65,吉林省,吉林医药学院,吉林市,双非,公办,,http://www.jlmu.cn/zsjy1.htm,,,,http://www.jlmu.cn/info/1471/70451.htm,,,,http://www.jlmu.cn/jlhz/gjhz.htm,,,,
66,吉林省,吉林铁道职业技术大学,吉林市,双非,公办,,https://jyxx.jty.edu.cn/,,,0432-66137555,,,,,http://iec.jtpt.cn,,,,
67,吉林省,吉林师范大学,四平市,双非,公办,230,,,,,,,,,,,,,官网不可达：全部方式失败
68,吉林省,白城师范学院,白城市,双非,公办,470,,,,,,,,,,,,,官网不可达：全部方式失败
69,吉林省,通化师范学院,通化市,双非,公办,450,https://thnucareer.hjiuye.com/,学生就业小程序,thsyzsb@163.com,0435-3208040,,,,,https://gjjl.thnu.edu.cn/,,,,
70,吉林省,吉林体育学院,长春市,双非,公办,未上榜/独立榜,,,,,,,,,,,,,官网不可达：全部方式失败
71,吉林省,吉林农业大学,长春市,双非,公办,165,https://www.jlau.edu.cn/zsjy.htm,,,,https://www.jlau.edu.cn/jyjx/yjsjy1.htm,,,,http://gjjy.jlau.edu.cn,,,,
72,吉林省,吉林工商学院,长春市,双非,公办,,https://jlbtcjy.mh.chaoxing.com/,,,,,,,,https://hzjl.jlbtc.edu.cn/,,,,
73,吉林省,吉林工程技术师范学院,长春市,双非,公办,430,http://jlenu.hjiuye.com/,,jiuye@123.com,0431-86908057; 0431-86907028,http://yjs.jlenu.edu.cn,,,0431-86908108,http://gjjlc.jlenu.edu.cn,,,86908016; 86908019,
74,吉林省,吉林建筑大学,长春市,双非,公办,320,http://jlju.hjiuye.com/,学生就业小程序,jy84566069@163.com,0431-84566069,http://yjs.jlju.edu.cn/,,,0431-84566037; 0431-84566306; 0431-84566329,,,,,
75,吉林省,吉林艺术学院,长春市,双非,公办,未上榜/独立榜,http://jy.jlart.edu.cn/,学生就业小程序,jlysxyjy@126.com,0431-85618360; 17600673259,http://yjs.jlart.edu.cn/,,,,https://gjhz.jlart.edu.cn/index.htm,,jua_international@qq.com,0431-85633961,
76,吉林省,吉林警察学院,长春市,双非,公办,,https://zsw.jljcxy.com/,,,,http://www.jljcxy.com/rcpy/yjsjy.htm,,,0431-85001110; 0431-85001234; 0431-85001370,http://www.jljcxy.com/info/2601/34811.htm,,,0431-85001110; 0431-85001234; 0431-85001370,
77,吉林省,吉林财经大学,长春市,双非,公办,270,http://newzs.jlufe.edu.cn/,,,17202000216,https://yjsy.jlufe.edu.cn/,,,17202000216,,,,,
78,吉林省,长春中医药大学,长春市,双非,公办,260,,,,,,,,,,,,,官网不可达：全部方式失败
79,吉林省,长春大学,长春市,双非,公办,350,https://jyzx.ccu.edu.cn/,,,16666666666,https://yjsb.ccu.edu.cn/,长春大学公众号,,0431-85251786,http://wsc.ccu.edu.cn/,,gjjlhzc@ccu.edu.cn,0431-85250122,
80,吉林省,长春工业大学,长春市,双非,公办,190,http://www.ccut.edu.cn/zsjy.htm,,,,https://yjsy.ccut.edu.cn/zsgz/a2024yzxxgk.htm,,,,,,,,
81,吉林省,长春工程学院,长春市,双非,公办,,http://zsb.ccit.edu.cn/,,,0431-80578555,https://yjsgzc.ccit.edu.cn/,,,,,,,,
82,吉林省,长春师范大学,长春市,双非,公办,,https://www.ccsfu.edu.cn/zsjy1.htm,,,,https://yjs.ccsfu.edu.cn/zsgz.htm,,,0431-86168695; 0431-86168864; 0431-86168134,https://www.ccsfu.edu.cn/gjjl.htm,,,,
83,吉林省,长春汽车职业技术大学,长春市,双非,公办,,,,,,,,,,,,,,官网不可达：全部方式失败
84,吉林省,长春理工大学,长春市,双非,公办,140,http://www.cust.edu.cn/zsjy2026/index.htm,,cust@cust.edu.cn,,http://www.cust.edu.cn/zsjy2026/yjszs20261/index.htm,,cust@cust.edu.cn,,http://www.cust.edu.cn/jlhz2026/gjhz20261/index.htm,,cust@cust.edu.cn,,
85,吉林省,长春职业技术大学,长春市,双非,公办,,http://www.cvit.edu.cn/zsjy.htm,,,,,,,,http://www.cvit.edu.cn/gjjl.htm,,,,
86,辽宁省,大连理工大学,大连市,985,公办,28,http://job.dlut.edu.cn/index.html,,,,http://gs.dlut.edu.cn/,,yjsyzhb@dlut.edu.cn,0411-84708330,http://dutdice.dlut.edu.cn/,,dutfao@dlut.edu.cn,0411-84708702,
87,辽宁省,东北大学,沈阳市,985,公办,39,http://job.neu.edu.cn/,,neujiuye@163.com; NEU83681260@163.com; NEUcareer@163.com,024-83687393; 024-83689881; 024-83681260,http://www.graduate.neu.edu.cn,,,,http://int.neu.edu.cn/,,,,
88,辽宁省,大连海事大学,大连市,211,公办,100,https://myjob.dlmu.edu.cn/,,haishijiuye@163.com; dmujobzixun@163.com,0411-84724185; 0411-84729209; 0411-84728536,https://grs.dlmu.edu.cn/,,,,,,,,
89,辽宁省,辽宁大学,沈阳市,211,公办,105,http://job.lnu.edu.cn,,,024-62602250,http://grs.lnu.edu.cn/zsgz.htm,,,024-62202353,http://gjjlc.lnu.edu.cn,,,,
90,辽宁省,沈阳农业大学,沈阳市,双一流,公办,210,https://jobsyau.jysd.com/,沈农就业,,024-88487218,http://grs.syau.edu.cn/,,,024-88487139,https://gjjlc.syau.edu.cn/,,gjjlc@syau.edu.cn,024-88487084,
91,辽宁省,辽东学院,丹东市,双非,公办,520,,,,,,,,,,,,,官网不可达：全部方式失败
92,辽宁省,东北财经大学,大连市,双非,公办,90,,,,,http://www.dufe.edu.cn/rcpy/yjs/,,advice@dufe.edu.cn,14543610005,http://www.dufe.edu.cn/content_100605.html,,advice@dufe.edu.cn,14543610005,
93,辽宁省,大连交通大学,大连市,双非,公办,,http://www.djtu.edu.cn/Redirect?mid=55,,,0411-84109958; 0411-86226500,http://www.djtu.edu.cn/Redirect?mid=29,,,,http://www.djtu.edu.cn/Redirect?mid=44,,,,
94,辽宁省,大连医科大学,大连市,双非,公办,190,https://rcd.dmu.edu.cn/,,,0411-86110222; 0411-86110221; 0411-86110223,https://yjs.dmu.edu.cn/,,,,,,,,
95,辽宁省,大连外国语大学,大连市,双非,公办,,http://www.dlufl.edu.cn/zsjy.htm,,xzxx@dlufl.edu.cn,86115896,http://www.dlufl.edu.cn/info/1121/11447.htm,,xzxx@dlufl.edu.cn,86115896,http://ieo.dlufl.edu.cn/,,,0411-86112222,
96,辽宁省,大连大学,大连市,双非,公办,,,,,,,,,,,,,,官网不可达：全部方式失败
97,辽宁省,大连工业大学,大连市,双非,公办,250,https://jygl.dep.dlpu.edu.cn/,,jyzx@dlpu.edu.cn,0411-86323338; 15940873211,http://yjs.dep.dlpu.edu.cn/,,,,http://fao.dlpu.edu.cn/,,iced@dlpu.edu.cn,0411-86324486,
98,辽宁省,大连民族大学,大连市,双非,公办,410,http://www.dlnu.edu.cn/zsjy.htm,大连民族大学-微信,,,https://new.dlnu.edu.cn/gs/,,yzb@dlnu.edu.cn,0411-87630448,,,,,
99,辽宁省,大连海洋大学,大连市,双非,公办,350,http://dlou.jysd.com/,,10158@dlou.edu.cn,0411-84762679,http://master.dlou.edu.cn/,,,0411-84762652; 0411-84762665,http://gjjlc.dlou.edu.cn/,,iecd@dlou.edu.cn,,
100,辽宁省,辽宁师范大学,大连市,双非,公办,220,https://lsdjyw.lnnu.edu.cn/,,lszjcscb@163.com,0411-82159911,https://master.lnnu.edu.cn/,,,,,,,,
101,辽宁省,辽宁警察学院,大连市,双非,公办,未上榜/独立榜,https://www.lnpc.edu.cn/35/list.htm,,,,,,,,,,,,
102,辽宁省,辽宁石油化工大学,抚顺市,双非,公办,,http://www.lnpu.edu.cn/zsjy/bkszs.htm,,,024-56865000,http://www.lnpu.edu.cn/rcpy/yjsjy.htm,,,024-56865000,http://www.lnpu.edu.cn/hzjl/gjjl.htm,,,024-56865000,
103,辽宁省,朝阳师范学院,朝阳市,双非,公办,540,https://www.xuexi.cn/local/normalTemplate.html?itemId=6673085005017032472,,,,,,,,,,,,
104,辽宁省,辽宁科技学院,本溪市,双非,公办,530,http://www.lnist.edu.cn/zsjy/zsgl.htm,,,,,,,,,,,,
105,辽宁省,中国刑事警察学院,沈阳市,双非,公办,,https://zsjy.cipuc.edu.cn/,,zsb@cipuc.edu.cn; yjsc_npuc@163.com; npucjy@163.com,024-86982292; 024-86982692,http://www.cipuc.edu.cn/rcpy/yjsjy/xkzy.htm,,,,http://www.cipuc.edu.cn/dwjl.htm,,,,
106,辽宁省,中国医科大学,沈阳市,双非,公办,130,,,,,,,,,,,,,官网不可达：全部方式失败
107,辽宁省,沈阳体育学院,沈阳市,双非,公办,未上榜/独立榜,http://sytyxy.bysjy.com.cn/,,stzsjyc@163.com,,http://yjs.syty.edu.cn/zsgong_z/tzgg.htm,,sytyyzb@163.com,,,,,,
108,辽宁省,沈阳化工大学,沈阳市,双非,公办,400,http://syuct.bysjy.com.cn/,,,,https://grszs.syuct.edu.cn,,,024-89386567,http://www.syuct.edu.cn/gjjl/yhyx.htm,,,,
109,辽宁省,沈阳医学院,沈阳市,双非,公办,,http://www.symc.edu.cn/zsjy.htm,,,,https://yjsjy.symc.edu.cn/,,,,http://www.symc.edu.cn/info/1083/72801.htm,,,,
110,辽宁省,沈阳大学,沈阳市,双非,公办,420,http://www.syu.edu.cn/zsjy.htm,,,,http://yjs.syu.edu.cn/,,,,http://wsc.syu.edu.cn,,,,
111,辽宁省,沈阳工业大学,沈阳市,双非,公办,180,https://jynet.sut.edu.cn/,,zhaoban_sut@163.com; jynet@sut.edu.cn,024-25496072; 024-25494802; 024-25691226,https://yjsxy.sut.edu.cn/,,,024-25496253; 024-25496252; 024-25494900,https://www.sut.edu.cn/gjjl.htm,,,,
112,辽宁省,沈阳工程学院,沈阳市,双非,公办,,http://job.sie.edu.cn/,,,024-31975266,http://yjsb.sie.edu.cn/,,,,https://gjjyxy.sie.edu.cn/index.jsp,,,,
113,辽宁省,沈阳师范大学,沈阳市,双非,公办,,https://www.synu.edu.cn/zsjy_6737/list.htm,,dzb@synu.edu.cn,024-86592995,http://yjs.synu.edu.cn/main.htm,,,,https://www.synu.edu.cn/2026/0814/c6740a115984/page.htm,,dzb@synu.edu.cn,024-86592995,
114,辽宁省,沈阳建筑大学,沈阳市,双非,公办,320,http://zsjy.sjzu.edu.cn/,,,,http://www.sjzu.edu.cn/rcpy/yjsjy.htm,,,,,,,,
115,辽宁省,沈阳理工大学,沈阳市,双非,公办,,https://job.sylu.edu.cn,,24686098@163.com,024-24686098,http://yanjiusheng.sylu.edu.cn,,,,http://gjjlhzc.sylu.edu.cn,,,,
116,辽宁省,沈阳航空航天大学,沈阳市,双非,公办,,https://sau.jysd.com/,,,,http://yjs.sau.edu.cn,,,,http://gjgcs.sau.edu.cn,,,,
117,辽宁省,沈阳药科大学,沈阳市,双非,公办,260,https://syphu.jysd.com/,,,024-43520888,https://grs.syphu.edu.cn,,,,https://dir.syphu.edu.cn/,,,,
118,辽宁省,沈阳音乐学院,沈阳市,双非,公办,未上榜/独立榜,,,,,,,,,,,,,官网不可达：全部方式失败
119,辽宁省,辽宁中医药大学,沈阳市,双非,公办,360,http://jy.lnutcm.edu.cn/,,lnzyydxzsjyc@163.com,024-31207238; 0411-85890136,http://yjs.lnutcm.edu.cn,,,,,,,,
120,辽宁省,鲁迅美术学院,沈阳市,双非,公办,未上榜/独立榜,http://www.lumei.edu.cn/zsjy/bkszs.htm,,,,http://www.lumei.edu.cn/jyjx/yjsjy.htm,,,,,,,,
121,辽宁省,营口理工学院,营口市,双非,公办,500,https://www.yku.edu.cn/,,,,,,,,https://www.yku.edu.cn/cs/index.htm,,,,
122,辽宁省,渤海大学,锦州市,双非,公办,380,https://jy.bhu.edu.cn/,,,,https://yjsxy.bhu.edu.cn/,,bhuyjszs@163.com,0416-3400137; 0416-3400139,https://www.bhuwsc.com/,,,0416-3400213,
123,辽宁省,辽宁工业大学,锦州市,双非,公办,430,http://lngydx.bysjy.com.cn/,,lngydxjy@lnut.edu.cn,,http://yjsxy.lnut.edu.cn,,,0416-4198179,,,,,
124,辽宁省,锦州医科大学,锦州市,双非,公办,440,http://jy.jzmu.edu.cn,,zsjyc@jzmu.edu.cn,0416-3675051; 0416-4673436,https://yjsc.jzmu.edu.cn/,,,0416-3675207; 0416-3675209; 0416-3675210,,,,,
125,辽宁省,辽宁工程技术大学,阜新市,双非,公办,300,https://zsjy.lntu.edu.cn,,,,https://yjsy.lntu.edu.cn/,,,,https://gjxy.lntu.edu.cn/,,,,
126,辽宁省,辽宁科技大学,鞍山市,双非,公办,,http://zsjy.ustl.edu.cn/index.htm,,,0412-5929096; 0412-5929092; 0412-5928097,http://www.ustl.edu.cn/yjs/,辽科大研究生,lkdyjsyzhb@ustl.edu.cn,,http://www.ustl.edu.cn/international/,,,0412-5929089,
127,辽宁省,鞍山师范学院,鞍山市,双非,公办,480,http://www.asnc.edu.cn/zsjy/index.htm,,,,http://www.asnc.edu.cn/rcpy/yjsjy/index.htm,,,,,,,,
128,黑龙江省,哈尔滨工业大学,哈尔滨市,985,公办,14,http://www.hit.edu.cn/11537/list.htm,,,,http://hitgs.hit.edu.cn/,,,0451-86412296,http://www.hit.edu.cn/11555/list.htm,,,,
129,黑龙江省,东北农业大学,哈尔滨市,211,公办,115,https://www.neau.edu.cn/zsjy.htm,,,,https://graduate.neau.edu.cn/,,,,http://gjjl.neau.edu.cn/,,,,
130,黑龙江省,东北林业大学,哈尔滨市,211,公办,105,http://job.nefu.edu.cn/,,Jiuye@nefu.edu.cn,0451-82192212,https://gra.nefu.edu.cn/,,yjsy@nefu.edu.cn,,https://ico.nefu.edu.cn/,,nefu_gjhzc@163.com,0451-82190337,
131,黑龙江省,哈尔滨工程大学,哈尔滨市,211,公办,43,http://www.hrbeu.edu.cn/zsjy1.htm,,,0451-82519222,https://yjsy.hrbeu.edu.cn,,,0451-82518910,https://heucice.hrbeu.edu.cn,,,0451-82518013,
132,黑龙江省,哈尔滨医科大学,哈尔滨市,双一流,公办,120,http://www.hrbmu.edu.cn/zsjy1.htm,,,,http://yjsy.hrbmu.edu.cn,,,,http://www.hrbmu.edu.cn/gjjlc/,,,,
133,黑龙江省,佳木斯大学,佳木斯市,双非,公办,400,https://jmsu.gxbys.org.cn/,,,0454-8618138; 0454-8618867,https://yjs.jmsu.edu.cn/,,,0454-8618805; 0454-8618499,https://iecd.jmsu.edu.cn/,,,,
134,黑龙江省,哈尔滨体育学院,哈尔滨市,双非,公办,未上榜/独立榜,http://www.hrbipe.edu.cn/zzsjy/bsszsh.htm,,,0451-82733741,http://www.hrbipe.edu.cn/yjsy/,,,,,,,,
135,黑龙江省,哈尔滨商业大学,哈尔滨市,双非,公办,320,https://www.hrbcu.edu.cn/zsjy.htm,,,,https://yjsc.hrbcu.edu.cn/,,,,https://gjjyxy.hrbcu.edu.cn/,,,,
136,黑龙江省,哈尔滨学院,哈尔滨市,双非,公办,,http://jypt.hrbu.edu.cn/frontpage/hrbu/html/index.html,,,,http://www.hrbu.edu.cn/yjsc/index.htm,,,,http://www.hrbu.edu.cn/ws/,,,,
137,黑龙江省,哈尔滨师范大学,哈尔滨市,双非,公办,240,,,,,,,,,,,,,官网不可达：全部方式失败
138,黑龙江省,哈尔滨建筑科技职业大学,哈尔滨市,双非,公办,,,,,,,,,,,,,,官网不可达：全部方式失败
139,黑龙江省,哈尔滨理工大学,哈尔滨市,双非,公办,200,http://www.hrbust.edu.cn/zsjy.htm,,,,https://graduate.hrbust.edu.cn/3907/list.htm,,,,http://www.hrbust.edu.cn/gjhz.htm,,,,
140,黑龙江省,哈尔滨职业技术大学,哈尔滨市,双非,公办,,http://hzjxy.jysd.com,,,,,,,,http://www.hrbzy.edu.cn/gjxy,,hvtcgjhzjlc@163.com,0451-86662281; 0451-86669663,
141,黑龙江省,哈尔滨金融学院,哈尔滨市,双非,公办,560,,,,,,,,,,,,,官网不可达：全部方式失败
142,黑龙江省,哈尔滨音乐学院,哈尔滨市,双非,公办,,http://www.hrbcm.edu.cn/jycs.htm,,,,http://www.hrbcm.edu.cn/zsgz/yjszs.htm,,,,http://www.hrbcm.edu.cn/xxgk1/dwjlyhzxx.htm,,,,
143,黑龙江省,黑龙江中医药大学,哈尔滨市,双非,公办,270,http://zsjyc.hljucm.net/,,,,http://yjsy.hljucm.net/,,bozhongyuan@163.com,,http://www.hljucm.net/index/dwjl.htm,,,,
144,黑龙江省,黑龙江农业工程职业技术大学,哈尔滨市,双非,公办,,,,,,https://mp.weixin.qq.com/s/E2a4ndPa1YJsCLfefgdWLA,公众号二维码（未获取图片）,,,,,,,
145,黑龙江省,黑龙江大学,哈尔滨市,双非,公办,145,http://job.hlju.edu.cn,,,,http://yjsy.hlju.edu.cn/,,,0451-86604902,,,,,
146,黑龙江省,黑龙江工程学院,哈尔滨市,双非,公办,570,,,,,,,,,,,,,官网不可达：全部方式失败
147,黑龙江省,黑龙江科技大学,哈尔滨市,双非,公办,350,http://job.usth.edu.cn/,,,,https://gs.usth.edu.cn/,,,,https://iceo.usth.edu.cn/,,,,
148,黑龙江省,东北石油大学,大庆市,双非,公办,230,http://www.nepu.edu.cn/zsjy1.htm,,,,http://yjsb.nepu.edu.cn,,,19210459783,http://www.nepu.edu.cn/gjjl/xjjl.htm,,,,
149,黑龙江省,大庆师范学院,大庆市,双非,公办,490,http://www.dqsy.net/zsjy.htm,,,,,,,,,,,,
150,黑龙江省,黑龙江八一农垦大学,大庆市,双非,公办,420,http://www.byau.edu.cn/900/list.htm,,,,http://www.byau.edu.cn/932/list.htm,,,,http://www.byau.edu.cn/934/list.htm,,,,
151,黑龙江省,牡丹江医科大学,牡丹江市,双非,公办,,https://www.hljbys.org.cn/school/index?mark=mdjmu,,,,http://www.mdjmu.cn/yjsc/,,,,,,,,
152,黑龙江省,牡丹江师范学院,牡丹江市,双非,公办,480,https://mdjnu.gxbys.org.cn/,,,,http://yjs.mdjnu.cn/,,ascmdj@126.com,,,,,,
153,黑龙江省,绥化学院,绥化市,双非,公办,510,http://www.shxy.edu.cn/jyzl.htm,,,,,,,,http://www.shxy.edu.cn/xxgk1/dwjlyhzxx.htm,,,,
154,黑龙江省,黑龙江工业学院,鸡西市,双非,公办,550,http://www.hljut.edu.cn/a/zsjy/jiuyechuangye/,,,,,,,,http://www.hljut.edu.cn/a/guojijiaoliuhezuochu/,,,,
155,黑龙江省,黑河学院,黑河市,双非,公办,530,https://zsxx.hhxy.edu.cn/,,,,,,,,https://gjjlhzc.hhxy.edu.cn/,,,,
156,黑龙江省,齐齐哈尔医学院,齐齐哈尔市,双非,公办,,https://www.hljbys.org.cn/school/index?mark=qmu,,,0452-2663508,https://yjs.qmu.edu.cn/,,qyyzb@qmu.edu.cn,0452-2663828,https://foreignfairs.qmu.edu.cn/,,,0452-2663346; 0452-2663370; 2663515,
157,黑龙江省,齐齐哈尔大学,齐齐哈尔市,双非,公办,380,http://job.qqhru.edu.cn/,,,,https://yjs.qqhru.edu.cn,,,,https://iec.qqhru.edu.cn/ ,,,,
