序号,高校名称,城市,院校档次,办学性质,软科排名,就业中心-官网,就业中心-公众号,就业中心-邮箱,就业中心-电话,研究生院-官网,研究生院-公众号,研究生院-邮箱,研究生院-电话,国际处-官网,国际处-公众号,国际处-邮箱,国际处-领导及邮箱,国际处-电话,备注
1,厦门大学,,985,公办,,http://jy.xmu.edu.cn/,,jiuyezhaopin@xmu.edu.cn,0592-2184550,http://gs.xmu.edu.cn/,,YJSY@XMU.EDU.CN,0592-2186259,https://ice.xmu.edu.cn/,,,"处长（主持全处工作）: wzhong@xmu.edu.cn
副处长（分管海外办学、综合科相关事务）: grace@xmu.edu.cn
副处长（分管台港澳合作与交流事务）: lijiamian@xmu.edu.cn
科长（负责综合科日常工作安排、督办与协调；统筹台港澳事务；教职工因公赴）: hxy@xmu.edu.cn
副科长（负责教职工因公赴欧洲、非洲、南极洲手续；文稿与数据统计）: ylruan@xmu.edu.cn
科员（负责教职工因公赴美洲、大洋洲及亚洲（非免签国家）手续）: zhangbm@xmu.edu.cn
科员: wangjl2021@xmu.edu.cn
科员（负责教职工因公赴港澳手续及亚洲（免签国家）手续）: lms@xmu.edu.cn
科员（负责国际会议、两岸会议申报；涉外学术活动审批；学生出国（境）审批）: liyinan@xmu.edu.cn
科员（负责外籍教师和学者签证手续；组织外籍教师交流活动；教职工因私出国）: liujinlong@xmu.edu.cn
科长（负责交流科协调管理；英国地区交流事宜；口笔译事务）: ltj@xmu.edu.cn
副科长（负责中外合作办学事务；各类法律文书起草和审核；文稿与数据统计；国）: ymliao@xmu.edu.cn",0592-2180240,
2,福州大学,,211,公办,,,,,,https://www.fzu.edu.cn/system/resource/link.jsp?bmmc=yjsjy&type=w,,,,https://oce.fzu.edu.cn/,,,做好处 处长（邮箱未公开）,,
