序号,高校名称,城市,院校档次,办学性质,软科排名,就业中心-官网,就业中心-公众号,就业中心-邮箱,就业中心-电话,研究生院-官网,研究生院-公众号,研究生院-邮箱,研究生院-电话,国际处-官网,国际处-公众号,国际处-邮箱,国际处-电话,备注
1,吉林大学,长春市,985,公办,26,http://www.jlu.edu.cn/zsjy.htm,,,0431-85166420; 0431-85166226; 0431-85166371,http://yjsy.jlu.edu.cn/,,yzhc@jlu.edu.cn,0431-85166175,https://oic.jlu.edu.cn/,,OGE@jlu.edu.cn,0431-85166657,
2,延边大学,延边朝鲜族自治州,211,公办,132,http://www.ybu.edu.cn/zsjy_1.htm,,xcb@ybu.edu.cn,,https://grad.ybu.edu.cn/,,,0433-2732079,https://international.ybu.edu.cn/,,,,
3,东北师范大学,长春市,211,公办,45,http://www.nenu.edu.cn/zsjy/xsjy.htm,,dsxxw@nenu.edu.cn,,http://www.nenu.edu.cn/jyjx/yjsjy.htm,,dsxxw@nenu.edu.cn,,https://iso.nenu.edu.cn/,,iso@nenu.edu.cn,0431-85099754,
4,东北电力大学,吉林市,双非,公办,220,https://zsjyc.neepu.edu.cn/,,,,http://grad.neepu.edu.cn,,,,http://oice.neepu.edu.cn/index.htm,,,,
5,北华大学,吉林市,双非,公办,300,,,,,,,,,,,,,官网不可达：全部方式失败
6,吉林农业科技学院,吉林市,双非,公办,,http://hjiuye.jlnku.edu.cn/,,jiuye11439@163.com,0432-63509058; 0432-63509929,,,,,https://foreign.jlnku.edu.cn/,,,0432-63509783,
7,吉林化工大学,吉林市,双非,公办,,http://www.jlict.edu.cn/zsjy.htm,,,,http://yjs.jluct.edu.cn/,,,,https://wsc.jluct.edu.cn/,,,,
8,吉林医药学院,吉林市,双非,公办,,http://www.jlmu.cn/zsjy1.htm,,,,http://www.jlmu.cn/info/1471/70451.htm,,,,http://www.jlmu.cn/jlhz/gjhz.htm,,,,
9,吉林铁道职业技术大学,吉林市,双非,公办,,https://jyxx.jty.edu.cn/,,,0432-66137555,,,,,http://iec.jtpt.cn,,,,
10,吉林师范大学,四平市,双非,公办,230,,,,,,,,,,,,,官网不可达：全部方式失败
11,白城师范学院,白城市,双非,公办,470,,,,,,,,,,,,,官网不可达：全部方式失败
12,通化师范学院,通化市,双非,公办,450,https://thnucareer.hjiuye.com/,学生就业小程序,thsyzsb@163.com,0435-3208040,,,,,https://gjjl.thnu.edu.cn/,,,,
13,吉林体育学院,长春市,双非,公办,未上榜/独立榜,,,,,,,,,,,,,官网不可达：全部方式失败
14,吉林农业大学,长春市,双非,公办,165,https://www.jlau.edu.cn/zsjy.htm,,webmaster@jlau.edu.cn,,https://www.jlau.edu.cn/jyjx/yjsjy1.htm,,,,http://gjjy.jlau.edu.cn,,,,
15,吉林工商学院,长春市,双非,公办,,https://jlbtcjy.mh.chaoxing.com/,,,,,,,,https://hzjl.jlbtc.edu.cn/,,,,
16,吉林工程技术师范学院,长春市,双非,公办,430,http://jlenu.hjiuye.com/,,,0431-86908057; 0431-86907028,http://yjs.jlenu.edu.cn,,,0431-86908108,http://gjjlc.jlenu.edu.cn,,,86908016; 86908019,
17,吉林建筑大学,长春市,双非,公办,320,http://jlju.hjiuye.com/,学生就业小程序,jy84566069@163.com,0431-84566069,http://yjs.jlju.edu.cn/,,,0431-84566037; 0431-84566306; 0431-84566329,,,,,
18,吉林艺术学院,长春市,双非,公办,未上榜/独立榜,http://jy.jlart.edu.cn/,学生就业小程序,jlysxyjy@126.com,0431-85618360; 17600673259,http://yjs.jlart.edu.cn/,,,,https://gjhz.jlart.edu.cn/index.htm,,jua_international@qq.com,0431-85633961,
19,吉林警察学院,长春市,双非,公办,,https://zsw.jljcxy.com/,,jljcxyjy@163.com,0431-85001234; 0431-85001799; 0431-85001157,http://www.jljcxy.com/rcpy/yjsjy.htm,,,0431-85001110; 0431-85001234; 0431-85001370,http://www.jljcxy.com/info/2601/34811.htm,,,0431-85001110; 0431-85001234; 0431-85001370,
20,吉林财经大学,长春市,双非,公办,270,http://newzs.jlufe.edu.cn/,,,17202000216,https://yjsy.jlufe.edu.cn/,,,17202000216,,,,,
21,长春中医药大学,长春市,双非,公办,260,,,,,,,,,,,,,官网不可达：全部方式失败
22,长春大学,长春市,双非,公办,350,https://jyzx.ccu.edu.cn/,,,0431-85250026; 0431-82533039,https://yjsb.ccu.edu.cn/,长春大学公众号,,0431-85251786,http://wsc.ccu.edu.cn/,,gjjlhzc@ccu.edu.cn,0431-85250122,
23,长春工业大学,长春市,双非,公办,190,http://www.ccut.edu.cn/zsjy.htm,,,,https://yjsy.ccut.edu.cn/zsgz/a2024yzxxgk.htm,,,,,,,,
24,长春工程学院,长春市,双非,公办,,http://zsb.ccit.edu.cn/,,,0431-80578555,https://yjsgzc.ccit.edu.cn/,,,,,,,,
25,长春师范大学,长春市,双非,公办,,https://www.ccsfu.edu.cn/zsjy1.htm,,,,https://yjs.ccsfu.edu.cn/zsgz.htm,,,0431-86168695; 0431-86168864; 0431-86168134,https://www.ccsfu.edu.cn/gjjl.htm,,,,
26,长春汽车职业技术大学,长春市,双非,公办,,,,,,,,,,,,,,官网不可达：全部方式失败
27,长春理工大学,长春市,双非,公办,140,http://www.cust.edu.cn/zsjy2026/index.htm,,cust@cust.edu.cn,,http://www.cust.edu.cn/zsjy2026/yjszs20261/index.htm,,cust@cust.edu.cn,,http://www.cust.edu.cn/jlhz2026/gjhz20261/index.htm,,cust@cust.edu.cn,,
28,长春职业技术大学,长春市,双非,公办,,http://www.cvit.edu.cn/zsjy.htm,,,,,,,,http://www.cvit.edu.cn/gjjl.htm,,,,
